% Model,no_longer_minion.mph
% Version,COMSOL 5.0.0.243
% Date,"Jul 24 2017, 10:40"
% Table,Probes {tbl3} - 
% sensor_w,heater_w,l,"Dependent variable U (1), Effect Ratio {avh1}","Dependent variable T (1), Normal_Temp {avh2}"
1.0E-7,1.0E-7,1.0E-7,0.08497515693123123,0.5827452104496283
1.0E-7,1.0E-7,1.5E-7,0.033705819467270144,0.5827452104496029
1.0E-7,1.0E-7,2.0E-7,0.012209966536262211,0.582745210449649
1.0E-7,1.0E-7,2.5E-7,0.0013570754898301856,0.5827452104496688
1.0E-7,1.0E-7,3.0E-7,-0.004857718352743881,0.5827452104496692
1.0E-7,1.0E-7,3.5E-7,-0.008745266859184588,0.5827452104496442
1.0E-7,1.0E-7,4.0E-7,-0.01133985915364352,0.5827452104495953
1.0E-7,1.25E-7,1.0E-7,0.13642646817513004,0.6239108776579961
1.0E-7,1.25E-7,1.5E-7,0.05891078616268513,0.6239108776579132
1.0E-7,1.25E-7,2.0E-7,0.023641591101838538,0.6239108776578846
1.0E-7,1.25E-7,2.5E-7,0.0051564514556031215,0.6239108776579542
1.0E-7,1.25E-7,3.0E-7,-0.005641437594672386,0.6239108776579145
1.0E-7,1.25E-7,3.5E-7,-0.012475905147401298,0.6239108776578928
1.0E-7,1.25E-7,4.0E-7,-0.017071836073960307,0.6239108776579604
1.0E-7,1.5E-7,1.0E-7,0.19166528347298842,0.655843995291397
1.0E-7,1.5E-7,1.5E-7,0.08980993549549127,0.6558439952914058
1.0E-7,1.5E-7,2.0E-7,0.03922233317566185,0.6558439952914403
1.0E-7,1.5E-7,2.5E-7,0.011538655839579732,0.6558439952914166
1.0E-7,1.5E-7,3.0E-7,-0.0050219794169677374,0.6558439952914153
1.0E-7,1.5E-7,3.5E-7,-0.015655852063097747,0.6558439952914216
1.0E-7,1.5E-7,4.0E-7,-0.022873776059905322,0.655843995291379
1.0E-7,1.75E-7,1.0E-7,0.2463719309641799,0.6815099367450752
1.0E-7,1.75E-7,1.5E-7,0.12456870971612423,0.6815099367451088
1.0E-7,1.75E-7,2.0E-7,0.05851791402128699,0.6815099367450337
1.0E-7,1.75E-7,2.5E-7,0.02064115761919428,0.6815099367449239
1.0E-7,1.75E-7,3.0E-7,-0.0026332526368904375,0.6815099367450689
1.0E-7,1.75E-7,3.5E-7,-0.01782817610372366,0.6815099367450468
1.0E-7,1.75E-7,4.0E-7,-0.02825517363093211,0.6815099367449508
1.0E-7,2.0E-7,1.0E-7,0.2978859626412201,0.7026905427483315
1.0E-7,2.0E-7,1.5E-7,0.16137157958829493,0.7026905427484579
1.0E-7,2.0E-7,2.0E-7,0.08083943719100478,0.7026905427483773
1.0E-7,2.0E-7,2.5E-7,0.032369417272505176,0.7026905427484627
1.0E-7,2.0E-7,3.0E-7,0.0017111939374768457,0.7026905427484017
1.0E-7,2.0E-7,3.5E-7,-0.018674859468113553,0.7026905427484195
1.0E-7,2.0E-7,4.0E-7,-0.03283663793235253,0.7026905427483849
1.0E-7,2.25E-7,1.0E-7,0.3449229702112502,0.7205303769773113
1.0E-7,2.25E-7,1.5E-7,0.19868224227063888,0.720530376977249
1.0E-7,2.25E-7,2.0E-7,0.105392169480065,0.720530376977269
1.0E-7,2.25E-7,2.5E-7,0.046463264199985796,0.7205303769772821
1.0E-7,2.25E-7,3.0E-7,0.008047653552600037,0.7205303769772904
1.0E-7,2.25E-7,3.5E-7,-0.018003232702921795,0.7205303769773045
1.0E-7,2.25E-7,4.0E-7,-0.03634347524335938,0.7205303769772851
1.0E-7,2.5E-7,1.0E-7,0.3871250880240655,0.735802212699537
1.0E-7,2.5E-7,1.5E-7,0.2353542196626816,0.7358022126995776
1.0E-7,2.5E-7,2.0E-7,0.1313958694210062,0.7358022126995775
1.0E-7,2.5E-7,2.5E-7,0.0625644269335554,0.7358022126995273
1.0E-7,2.5E-7,3.0E-7,0.01629650516386343,0.7358022126995748
1.0E-7,2.5E-7,3.5E-7,-0.015729063230310942,0.7358022126996066
1.0E-7,2.5E-7,4.0E-7,-0.03859774693703468,0.7358022126996563
1.0E-7,2.75E-7,1.0E-7,0.4246461740307525,0.7490500757863096
1.0E-7,2.75E-7,1.5E-7,0.2706120128461078,0.7490500757861942
1.0E-7,2.75E-7,2.0E-7,0.1581526414941289,0.749050075786217
1.0E-7,2.75E-7,2.5E-7,0.08027092806669306,0.7490500757861855
1.0E-7,2.75E-7,3.0E-7,0.026297626030451778,0.7490500757861793
1.0E-7,2.75E-7,3.5E-7,-0.011852974397795908,0.7490500757862564
1.0E-7,2.75E-7,4.0E-7,-0.039501159937956644,0.7490500757862643
1.0E-7,3.0E-7,1.0E-7,0.4578826149241738,0.7606698169380842
1.0E-7,3.0E-7,1.5E-7,0.3039877165064652,0.7606698169380408
1.0E-7,3.0E-7,2.0E-7,0.18508110500120634,0.7606698169380898
1.0E-7,3.0E-7,2.5E-7,0.09917816177717419,0.7606698169380616
1.0E-7,3.0E-7,3.0E-7,0.03784057825463403,0.7606698169380045
1.0E-7,3.0E-7,3.5E-7,-0.006439789534481868,0.760669816938037
1.0E-7,3.0E-7,4.0E-7,-0.03902052160899542,0.7606698169380269
1.0E-7,3.2499999999999996E-7,1.0E-7,0.48731618973606583,0.7709569597106767
1.0E-7,3.2499999999999996E-7,1.5E-7,0.33524478148710707,0.7709569597107135
1.0E-7,3.2499999999999996E-7,2.0E-7,0.21172472215660068,0.7709569597107944
1.0E-7,3.2499999999999996E-7,2.5E-7,0.11890681322815544,0.7709569597106812
1.0E-7,3.2499999999999996E-7,3.0E-7,0.05068965973366359,0.7709569597107597
1.0E-7,3.2499999999999996E-7,3.5E-7,4.004588050762262E-4,0.7709569597107213
1.0E-7,3.2499999999999996E-7,4.0E-7,-0.03717350824803385,0.770956959710654
1.0E-7,3.5E-7,1.0E-7,0.5134302383462287,0.7801377772878602
1.0E-7,3.5E-7,1.5E-7,0.36430796119841585,0.7801377772878992
1.0E-7,3.5E-7,2.0E-7,0.23774411460139344,0.7801377772878508
1.0E-7,3.5E-7,2.5E-7,0.1391193185125964,0.7801377772879192
1.0E-7,3.5E-7,3.0E-7,0.06460307204706692,0.7801377772878553
1.0E-7,3.5E-7,3.5E-7,0.008528578160769315,0.7801377772879139
1.0E-7,3.5E-7,4.0E-7,-0.034016116181106844,0.7801377772878457
1.0E-7,3.75E-7,1.0E-7,0.5366733688345834,0.7883883088793291
1.0E-7,3.75E-7,1.5E-7,0.39120915606516987,0.7883883088792829
1.0E-7,3.75E-7,2.0E-7,0.2629023765410816,0.7883883088793436
1.0E-7,3.75E-7,2.5E-7,0.15952792837470164,0.7883883088792203
1.0E-7,3.75E-7,3.0E-7,0.07934668381394773,0.7883883088793819
1.0E-7,3.75E-7,3.5E-7,0.017789046893127443,0.7883883088793322
1.0E-7,3.75E-7,4.0E-7,-0.029632233168422933,0.7883883088793455
1.0E-7,4.0E-7,1.0E-7,0.5574422064361211,0.7958479236832859
1.0E-7,4.0E-7,1.5E-7,0.41604406294067786,0.7958479236832009
1.0E-7,4.0E-7,2.0E-7,0.28704543761623963,0.7958479236831257
1.0E-7,4.0E-7,2.5E-7,0.17989559778414654,0.7958479236832322
1.0E-7,4.0E-7,3.0E-7,0.0947031351260161,0.7958479236831781
1.0E-7,4.0E-7,3.5E-7,0.028020687555231842,0.7958479236832973
1.0E-7,4.0E-7,4.0E-7,-0.02412372136371834,0.7958479236831293
1.0E-7,4.2499999999999995E-7,1.0E-7,0.5760756921902256,0.8026292390604783
1.0E-7,4.2499999999999995E-7,1.5E-7,0.4389396385907253,0.802629239060444
1.0E-7,4.2499999999999995E-7,2.0E-7,0.31008095477717074,0.8026292390604088
1.0E-7,4.2499999999999995E-7,2.5E-7,0.20003128260625505,0.8026292390605166
1.0E-7,4.2499999999999995E-7,3.0E-7,0.11047623524733821,0.8026292390603564
1.0E-7,4.2499999999999995E-7,3.5E-7,0.03906458441138382,0.8026292390603466
1.0E-7,4.2499999999999995E-7,4.0E-7,-0.017601555007933336,0.8026292390604326
1.0E-7,4.5E-7,1.0E-7,0.5928652308508678,0.808823642442765
1.0E-7,4.5E-7,1.5E-7,0.4600412419672798,0.8088236424427669
1.0E-7,4.5E-7,2.0E-7,0.3319673197750689,0.8088236424428321
1.0E-7,4.5E-7,2.5E-7,0.2197880149157061,0.8088236424427381
1.0E-7,4.5E-7,3.0E-7,0.12649433034355304,0.8088236424427696
1.0E-7,4.5E-7,3.5E-7,0.05076869559622691,0.8088236424427684
1.0E-7,4.5E-7,4.0E-7,-0.010182009309062188,0.8088236424427725
1.0E-7,4.75E-7,1.0E-7,0.608059517102455,0.814506146152964
1.0E-7,4.75E-7,1.5E-7,0.4794990914029644,0.814506146152926
1.0E-7,4.75E-7,2.0E-7,0.35269932533276244,0.8145061461529983
1.0E-7,4.75E-7,2.5E-7,0.23905630677159911,0.8145061461530055
1.0E-7,4.75E-7,3.0E-7,0.1426102303446128,0.8145061461528679
1.0E-7,4.75E-7,3.5E-7,0.06299117506712207,0.8145061461529403
1.0E-7,4.75E-7,4.0E-7,-0.0019820895314868877,0.8145061461529367
1.0E-7,5.0E-7,1.0E-7,0.621866054805414,0.8197395749775567
1.0E-7,5.0E-7,1.5E-7,0.49745707639193404,0.8197395749775528
1.0E-7,5.0E-7,2.0E-7,0.372295117066458,0.8197395749775631
1.0E-7,5.0E-7,2.5E-7,0.25775702262761147,0.8197395749774952
1.0E-7,5.0E-7,3.0E-7,0.15870039729719607,0.8197395749775891
1.0E-7,5.0E-7,3.5E-7,0.07560376986061147,0.8197395749776105
1.0E-7,5.0E-7,4.0E-7,0.006886197334131305,0.8197395749775326
1.5E-7,1.0E-7,1.0E-7,0.08401839074457348,0.5691231200355865
1.5E-7,1.0E-7,1.5E-7,0.034961282528559165,0.5691231200355588
1.5E-7,1.0E-7,2.0E-7,0.014464680709077048,0.5691231200355427
1.5E-7,1.0E-7,2.5E-7,0.004133629392943306,0.5691231200355037
1.5E-7,1.0E-7,3.0E-7,-0.0017774397867326415,0.5691231200354689
1.5E-7,1.0E-7,3.5E-7,-0.005473533216130824,0.5691231200354918
1.5E-7,1.0E-7,4.0E-7,-0.007939936917705424,0.5691231200355045
1.5E-7,1.25E-7,1.0E-7,0.13475520888188072,0.6101964295831463
1.5E-7,1.25E-7,1.5E-7,0.06053739997164913,0.6101964295831458
1.5E-7,1.25E-7,2.0E-7,0.026910846740673837,0.6101964295830618
1.5E-7,1.25E-7,2.5E-7,0.00932345051660167,0.6101964295830202
1.5E-7,1.25E-7,3.0E-7,-9.389150526982054E-4,0.6101964295830847
1.5E-7,1.25E-7,3.5E-7,-0.00743076816499226,0.6101964295831074
1.5E-7,1.25E-7,4.0E-7,-0.01179508156502969,0.6101964295831094
1.5E-7,1.5E-7,1.0E-7,0.18918529336197748,0.6421751141557165
1.5E-7,1.5E-7,1.5E-7,0.09164479940392613,0.6421751141556468
1.5E-7,1.5E-7,2.0E-7,0.04343961510445006,0.6421751141556584
1.5E-7,1.5E-7,2.5E-7,0.01712678649024722,0.6421751141556761
1.5E-7,1.5E-7,3.0E-7,0.001407684274064526,0.6421751141555918
1.5E-7,1.5E-7,3.5E-7,-0.00867831028481735,0.6421751141556825
1.5E-7,1.5E-7,4.0E-7,-0.015521620686199663,0.64217511415561
1.5E-7,1.75E-7,1.0E-7,0.24313213019069405,0.6679503152835932
1.5E-7,1.75E-7,1.5E-7,0.1264688272032361,0.6679503152836263
1.5E-7,1.75E-7,2.0E-7,0.06355724533782191,0.6679503152836552
1.5E-7,1.75E-7,2.5E-7,0.027588685298941203,0.6679503152836443
1.5E-7,1.75E-7,3.0E-7,0.005523740068490707,0.6679503152836357
1.5E-7,1.75E-7,3.5E-7,-0.008867822822458366,0.6679503152836762
1.5E-7,1.75E-7,4.0E-7,-0.018738145957237072,0.6679503152836571
1.5E-7,2.0E-7,1.0E-7,0.29396250776175276,0.6892774630275483
1.5E-7,2.0E-7,1.5E-7,0.16320476615145674,0.6892774630275145
1.5E-7,2.0E-7,2.0E-7,0.08653679430468818,0.6892774630276065
1.5E-7,2.0E-7,2.5E-7,0.04055013767117157,0.6892774630275078
1.5E-7,2.0E-7,3.0E-7,0.011520262592016068,0.6892774630275161
1.5E-7,2.0E-7,3.5E-7,-0.007760324708726471,0.689277463027533
1.5E-7,2.0E-7,4.0E-7,-0.021144691659026913,0.6892774630275185
1.5E-7,2.25E-7,1.0E-7,0.34040699318104095,0.707284355006263
1.5E-7,2.25E-7,1.5E-7,0.20034566781988372,0.7072843550062154
1.5E-7,2.25E-7,2.0E-7,0.11157518117816329,0.7072843550062294
1.5E-7,2.25E-7,2.5E-7,0.05571377341079071,0.707284355006235
1.5E-7,2.25E-7,3.0E-7,0.019380778483697927,0.7072843550062304
1.5E-7,2.25E-7,3.5E-7,-0.005223307292114364,0.7072843550062237
1.5E-7,2.25E-7,4.0E-7,-0.022529825274048874,0.7072843550062275
1.5E-7,2.5E-7,1.0E-7,0.38210746608403856,0.7227338643287222
1.5E-7,2.5E-7,1.5E-7,0.23677647055817075,0.7227338643286983
1.5E-7,2.5E-7,2.0E-7,0.13790230335318643,0.7227338643287968
1.5E-7,2.5E-7,2.5E-7,0.07270626370587178,0.72273386432875
1.5E-7,2.5E-7,3.0E-7,0.028993920639625827,0.7227338643287222
1.5E-7,2.5E-7,3.5E-7,-0.0012137095617252402,0.7227338643286896
1.5E-7,2.5E-7,4.0E-7,-0.022761699516166772,0.7227338643286525
1.5E-7,2.75E-7,1.0E-7,0.4192494565707486,0.7361614430316985
1.5E-7,2.75E-7,1.5E-7,0.2717797386456004,0.736161443031613
1.5E-7,2.75E-7,2.0E-7,0.16485966799175486,0.7361614430316215
1.5E-7,2.75E-7,2.5E-7,0.09113625092953555,0.7361614430316203
1.5E-7,2.75E-7,3.0E-7,0.04018728237399739,0.7361614430317109
1.5E-7,2.75E-7,3.5E-7,0.004240166022281166,0.7361614430315899
1.5E-7,2.75E-7,4.0E-7,-0.021779482239107716,0.7361614430316172
1.5E-7,3.0E-7,1.0E-7,0.4520927953171696,0.7479676329771013
1.5E-7,3.0E-7,1.5E-7,0.30480997423557216,0.7479676329770507
1.5E-7,3.0E-7,2.0E-7,0.191825495034094,0.7479676329770293
1.5E-7,3.0E-7,2.5E-7,0.11057545428778298,0.7479676329769925
1.5E-7,3.0E-7,3.0E-7,0.05273534059953293,0.7479676329769891
1.5E-7,3.0E-7,3.5E-7,0.01106431377600815,0.7479676329770173
1.5E-7,3.0E-7,4.0E-7,-0.019554316864679896,0.7479676329770156
1.5E-7,3.2499999999999996E-7,1.0E-7,0.4812336143274153,0.7584371643744914
1.5E-7,3.2499999999999996E-7,1.5E-7,0.33574371971953293,0.7584371643745378
1.5E-7,3.2499999999999996E-7,2.0E-7,0.21842909314094228,0.7584371643745758
1.5E-7,3.2499999999999996E-7,2.5E-7,0.13069347572457105,0.7584371643746228
1.5E-7,3.2499999999999996E-7,3.0E-7,0.06641823945520423,0.7584371643745395
1.5E-7,3.2499999999999996E-7,3.5E-7,0.01913918544168368,0.7584371643745882
1.5E-7,3.2499999999999996E-7,4.0E-7,-0.016131685411979808,0.7584371643745824
1.5E-7,3.5E-7,1.0E-7,0.5071036821134215,0.7677976368928286
1.5E-7,3.5E-7,1.5E-7,0.3644833998056457,0.7677976368928563
1.5E-7,3.5E-7,2.0E-7,0.24433093769118885,0.767797636892856
1.5E-7,3.5E-7,2.5E-7,0.15115979751526568,0.7677976368928254
1.5E-7,3.5E-7,3.0E-7,0.08100067354712498,0.7677976368928692
1.5E-7,3.5E-7,3.5E-7,0.028329349833601282,0.7677976368928436
1.5E-7,3.5E-7,4.0E-7,-0.011566447226911115,0.7677976368928695
1.5E-7,3.75E-7,1.0E-7,0.5301438019557653,0.7762240050962517
1.5E-7,3.75E-7,1.5E-7,0.3910684142357413,0.7762240050962239
1.5E-7,3.75E-7,2.0E-7,0.26931287502296175,0.7762240050962815
1.5E-7,3.75E-7,2.5E-7,0.17170601880150682,0.7762240050962912
1.5E-7,3.75E-7,3.0E-7,0.09626253400819959,0.77622400509622
1.5E-7,3.75E-7,3.5E-7,0.03848662470501068,0.7762240050962246
1.5E-7,3.75E-7,4.0E-7,-0.005941097211296379,0.7762240050962814
1.5E-7,4.0E-7,1.0E-7,0.5507437225564447,0.7838551535540597
1.5E-7,4.0E-7,1.5E-7,0.4155988958063824,0.783855153554083
1.5E-7,4.0E-7,2.0E-7,0.29323621532575117,0.7838551535540824
1.5E-7,4.0E-7,2.5E-7,0.19211347638013754,0.7838551535540296
1.5E-7,4.0E-7,3.0E-7,0.11200201739095579,0.7838551535541273
1.5E-7,4.0E-7,3.5E-7,0.04946037843607472,0.7838551535541123
1.5E-7,4.0E-7,4.0E-7,6.48002321711888E-4,0.7838551535541288
1.5E-7,4.2499999999999995E-7,1.0E-7,0.5692367241378188,0.7908031636376069
1.5E-7,4.2499999999999995E-7,1.5E-7,0.43820443857280195,0.7908031636375769
1.5E-7,4.2499999999999995E-7,2.0E-7,0.31602110301338987,0.7908031636376535
1.5E-7,4.2499999999999995E-7,2.5E-7,0.21220781458736218,0.7908031636375966
1.5E-7,4.2499999999999995E-7,3.0E-7,0.12803851408492592,0.79080316363762
1.5E-7,4.2499999999999995E-7,3.5E-7,0.061103556258168386,0.7908031636376395
1.5E-7,4.2499999999999995E-7,4.0E-7,0.008097421224867781,0.7908031636376204
1.5E-7,4.5E-7,1.0E-7,0.5859094778905274,0.7971593556248575
1.5E-7,4.5E-7,1.5E-7,0.45903156169101805,0.7971593556247996
1.5E-7,4.5E-7,2.0E-7,0.33763572761414035,0.7971593556248933
1.5E-7,4.5E-7,2.5E-7,0.2318568713649897,0.7971593556249194
1.5E-7,4.5E-7,3.0E-7,0.14421566739874142,0.7971593556248009
1.5E-7,4.5E-7,3.5E-7,0.07327714442268952,0.7971593556248376
1.5E-7,4.5E-7,4.0E-7,0.016300613159452464,0.7971593556248449
1.5E-7,4.75E-7,1.0E-7,0.6010079710181875,0.8029985050227462
1.5E-7,4.75E-7,1.5E-7,0.478232352496215,0.8029985050227935
1.5E-7,4.75E-7,2.0E-7,0.3580841505622993,0.8029985050227638
1.5E-7,4.75E-7,2.5E-7,0.2509654854167622,0.802998505022686
1.5E-7,4.75E-7,3.0E-7,0.16040189845032468,0.802998505022752
1.5E-7,4.75E-7,3.5E-7,0.08585348396567685,0.8029985050227177
1.5E-7,4.75E-7,4.0E-7,0.02515206041647916,0.8029985050228111
1.5E-7,5.0E-7,1.0E-7,0.6147358148486877,0.8083835140727519
1.5E-7,5.0E-7,1.5E-7,0.49594974264595953,0.80838351407276
1.5E-7,5.0E-7,2.0E-7,0.3773897331150352,0.8083835140727738
1.5E-7,5.0E-7,2.5E-7,0.2694648709342846,0.8083835140727175
1.5E-7,5.0E-7,3.0E-7,0.17648626451817326,0.8083835140727691
1.5E-7,5.0E-7,3.5E-7,0.09871667728312594,0.8083835140728508
1.5E-7,5.0E-7,4.0E-7,0.0345504499519961,0.8083835140727164
2.0E-7,1.0E-7,1.0E-7,0.08267122300109761,0.5570209698901408
2.0E-7,1.0E-7,1.5E-7,0.03546722075038628,0.5570209698901865
2.0E-7,1.0E-7,2.0E-7,0.01580955639527638,0.5570209698901682
2.0E-7,1.0E-7,2.5E-7,0.005917818615858883,0.5570209698900704
2.0E-7,1.0E-7,3.0E-7,2.6301927467341354E-4,0.5570209698901982
2.0E-7,1.0E-7,3.5E-7,-0.003271257770996635,0.557020969890117
2.0E-7,1.0E-7,4.0E-7,-0.0056291863542905106,0.5570209698901546
2.0E-7,1.25E-7,1.0E-7,0.13254608612842284,0.597963709739219
2.0E-7,1.25E-7,1.5E-7,0.06108693015945747,0.5979637097392645
2.0E-7,1.25E-7,2.0E-7,0.028838231663916844,0.5979637097392314
2.0E-7,1.25E-7,2.5E-7,0.012005633987146058,0.5979637097392052
2.0E-7,1.25E-7,3.0E-7,0.00219430382760208,0.5979637097392184
2.0E-7,1.25E-7,3.5E-7,-0.004008649526457357,0.5979637097392831
2.0E-7,1.25E-7,4.0E-7,-0.008177519967492943,0.5979637097392236
2.0E-7,1.5E-7,1.0E-7,0.18613048099362006,0.6299253662684996
2.0E-7,1.5E-7,1.5E-7,0.09214289937915152,0.6299253662684957
2.0E-7,1.5E-7,2.0E-7,0.04590571132234812,0.6299253662685568
2.0E-7,1.5E-7,2.5E-7,0.020728135607170375,0.629925366268514
2.0E-7,1.5E-7,3.0E-7,0.005707284860823119,0.6299253662685077
2.0E-7,1.5E-7,3.5E-7,-0.003923461793565641,0.6299253662685291
2.0E-7,1.5E-7,4.0E-7,-0.01045517125880983,0.6299253662685091
2.0E-7,1.75E-7,1.0E-7,0.23927416937701002,0.655755220095273
2.0E-7,1.75E-7,1.5E-7,0.1268041632650527,0.6557552200952386
2.0E-7,1.75E-7,2.0E-7,0.06646470820602643,0.6557552200952227
2.0E-7,1.75E-7,2.5E-7,0.03206385793990038,0.6557552200952776
2.0E-7,1.75E-7,3.0E-7,0.01099442661808104,0.6557552200952305
2.0E-7,1.75E-7,3.5E-7,-0.0027350032419549202,0.6557552200952902
2.0E-7,1.75E-7,4.0E-7,-0.012146075119728789,0.6557552200952541
2.0E-7,2.0E-7,1.0E-7,0.28940209453652344,0.6771756496124088
2.0E-7,2.0E-7,1.5E-7,0.16329883405420292,0.6771756496124777
2.0E-7,2.0E-7,2.0E-7,0.08977294185311828,0.6771756496124501
2.0E-7,2.0E-7,2.5E-7,0.04581169367148214,0.6771756496124403
2.0E-7,2.0E-7,3.0E-7,0.01811238737671352,0.6771756496124232
2.0E-7,2.0E-7,3.5E-7,-2.6374141146734035E-4,0.6771756496123862
2.0E-7,2.0E-7,4.0E-7,-0.013011491791644797,0.6771756496123716
2.0E-7,2.25E-7,1.0E-7,0.33529363808035395,0.695294552354976
2.0E-7,2.25E-7,1.5E-7,0.20017550780347468,0.6952945523550007
2.0E-7,2.25E-7,2.0E-7,0.11504290491825728,0.6952945523549455
2.0E-7,2.25E-7,2.5E-7,0.06165838261342998,0.6952945523549221
2.0E-7,2.25E-7,3.0E-7,0.027010226295189944,0.6952945523548865
2.0E-7,2.25E-7,3.5E-7,0.0035781147848771466,0.6952945523549208
2.0E-7,2.25E-7,4.0E-7,-0.012890265013096376,0.6952945523550252
2.0E-7,2.5E-7,1.0E-7,0.3764642827498697,0.7108772198320277
2.0E-7,2.5E-7,1.5E-7,0.23625669249472644,0.7108772198320105
2.0E-7,2.5E-7,2.0E-7,0.14146170188678572,0.7108772198319724
2.0E-7,2.5E-7,2.5E-7,0.07919397282763818,0.7108772198319803
2.0E-7,2.5E-7,3.0E-7,0.03754446931115723,0.7108772198320912
2.0E-7,2.5E-7,3.5E-7,0.008806100633682758,0.7108772198319981
2.0E-7,2.5E-7,4.0E-7,-0.011673649928563838,0.7108772198319796
2.0E-7,2.75E-7,1.0E-7,0.41316230088605244,0.7244443285574328
2.0E-7,2.75E-7,1.5E-7,0.2708954860072058,0.7244443285574603
2.0E-7,2.75E-7,2.0E-7,0.16841581645423198,0.7244443285573976
2.0E-7,2.75E-7,2.5E-7,0.09804265282004415,0.7244443285573565
2.0E-7,2.75E-7,3.0E-7,0.04953623169996075,0.7244443285573944
2.0E-7,2.75E-7,3.5E-7,0.01537090723918378,0.724444328557405
2.0E-7,2.75E-7,4.0E-7,-0.009331041634642424,0.7244443285573889
2.0E-7,3.0E-7,1.0E-7,0.44571919476167576,0.7363881885619779
2.0E-7,3.0E-7,1.5E-7,0.30362881173140893,0.7363881885618966
2.0E-7,3.0E-7,2.0E-7,0.19534566117621613,0.7363881885619044
2.0E-7,3.0E-7,2.5E-7,0.11780781636385887,0.7363881885619402
2.0E-7,3.0E-7,3.0E-7,0.06276497267770462,0.7363881885619029
2.0E-7,3.0E-7,3.5E-7,0.023183689541069866,0.7363881885619235
2.0E-7,3.0E-7,4.0E-7,-0.0058623322658939245,0.7363881885619356
2.0E-7,3.2499999999999996E-7,1.0E-7,0.47459295176773314,0.7469994157145996
2.0E-7,3.2499999999999996E-7,1.5E-7,0.33424382116457735,0.7469994157145887
2.0E-7,3.2499999999999996E-7,2.0E-7,0.22183371408077054,0.7469994157147009
2.0E-7,3.2499999999999996E-7,2.5E-7,0.13813695233043635,0.7469994157146156
2.0E-7,3.2499999999999996E-7,3.0E-7,0.07700273355092573,0.7469994157145317
2.0E-7,3.2499999999999996E-7,3.5E-7,0.03212562503254853,0.746999415714554
2.0E-7,3.2499999999999996E-7,4.0E-7,-0.0013060466179451139,0.7469994157146519
2.0E-7,3.5E-7,1.0E-7,0.5002451590060699,0.756501234349135
2.0E-7,3.5E-7,1.5E-7,0.3626797780558481,0.7565012343492113
2.0E-7,3.5E-7,2.0E-7,0.24757502708769474,0.7565012343491888
2.0E-7,3.5E-7,2.5E-7,0.15872305162500525,0.7565012343492127
2.0E-7,3.5E-7,3.0E-7,0.09202466660600546,0.756501234349212
2.0E-7,3.5E-7,3.5E-7,0.042060427563403134,0.756501234349164
2.0E-7,3.5E-7,4.0E-7,0.004273421131904988,0.7565012343491913
2.0E-7,3.75E-7,1.0E-7,0.5231078311133206,0.7650674240354004
2.0E-7,3.75E-7,1.5E-7,0.38897911100332505,0.7650674240354399
2.0E-7,3.75E-7,2.0E-7,0.2723639234902918,0.7650674240353691
2.0E-7,3.75E-7,2.5E-7,0.17931125276744644,0.7650674240353529
2.0E-7,3.75E-7,3.0E-7,0.1076204242194969,0.7650674240353204
2.0E-7,3.75E-7,3.5E-7,0.05284468511053051,0.7650674240353622
2.0E-7,3.75E-7,4.0E-7,0.01079384097149413,0.7650674240354056
2.0E-7,4.0E-7,1.0E-7,0.5435633655875498,0.7728361046100305
2.0E-7,4.0E-7,1.5E-7,0.41324310713784634,0.7728361046100534
2.0E-7,4.0E-7,2.0E-7,0.2960717795626087,0.772836104609934
2.0E-7,4.0E-7,2.5E-7,0.19969571989314513,0.7728361046100056
2.0E-7,4.0E-7,3.0E-7,0.1235991061783954,0.772836104609986
2.0E-7,4.0E-7,3.5E-7,0.06433492465248211,0.7728361046099393
2.0E-7,4.0E-7,4.0E-7,0.01816216702026114,0.7728361046099884
2.0E-7,4.2499999999999995E-7,1.0E-7,0.5619614276720061,0.7799175676097122
2.0E-7,4.2499999999999995E-7,1.5E-7,0.43562228489437094,0.7799175676098237
2.0E-7,4.2499999999999995E-7,2.0E-7,0.3186437029230443,0.7799175676097817
2.0E-7,4.2499999999999995E-7,2.5E-7,0.2197259019028026,0.7799175676098079
2.0E-7,4.2499999999999995E-7,3.0E-7,0.13979860353842377,0.7799175676097253
2.0E-7,4.2499999999999995E-7,3.5E-7,0.076395699837204,0.7799175676097797
2.0E-7,4.2499999999999995E-7,4.0E-7,0.026279826637186043,0.7799175676098022
2.0E-7,4.5E-7,1.0E-7,0.5785175798022826,0.7864066843208455
2.0E-7,4.5E-7,1.5E-7,0.45620043674451677,0.7864066843209804
2.0E-7,4.5E-7,2.0E-7,0.34000324137097393,0.7864066843209483
2.0E-7,4.5E-7,2.5E-7,0.23924331393339457,0.7864066843209319
2.0E-7,4.5E-7,3.0E-7,0.15605087312152485,0.786406684320928
2.0E-7,4.5E-7,3.5E-7,0.08888715100468797,0.786406684320877
2.0E-7,4.5E-7,4.0E-7,0.035047424079714826,0.7864066843208851
2.0E-7,4.75E-7,1.0E-7,0.593540135178996,0.7923741248567833
2.0E-7,4.75E-7,1.5E-7,0.47519084471520756,0.7923741248567003
2.0E-7,4.75E-7,2.0E-7,0.3602101418076121,0.7923741248568082
2.0E-7,4.75E-7,2.5E-7,0.25819851079156403,0.7923741248566928
2.0E-7,4.75E-7,3.0E-7,0.17225732420581627,0.7923741248567446
2.0E-7,4.75E-7,3.5E-7,0.10170131855362244,0.7923741248567272
2.0E-7,4.75E-7,4.0E-7,0.044366804236740554,0.7923741248567713
2.0E-7,5.0E-7,1.0E-7,0.6072079878212702,0.7978839194877932
2.0E-7,5.0E-7,1.5E-7,0.4927151359457378,0.7978839194877443
2.0E-7,5.0E-7,2.0E-7,0.37927486846016967,0.7978839194878343
2.0E-7,5.0E-7,2.5E-7,0.2765184552365619,0.7978839194877834
2.0E-7,5.0E-7,3.0E-7,0.18830911791961305,0.7978839194878337
2.0E-7,5.0E-7,3.5E-7,0.11472828529480877,0.7978839194878387
2.0E-7,5.0E-7,4.0E-7,0.054144731766886986,0.7978839194877538
2.5E-7,1.0E-7,1.0E-7,0.08115598614298125,0.5460711912010954
2.5E-7,1.0E-7,1.5E-7,0.0355412437673776,0.5460711912011351
2.5E-7,1.0E-7,2.0E-7,0.016604114707951322,0.5460711912011362
2.5E-7,1.0E-7,2.5E-7,0.007090572246295218,0.546071191201111
2.5E-7,1.0E-7,3.0E-7,0.001656851086906029,0.5460711912011418
2.5E-7,1.0E-7,3.5E-7,-0.001737600444523664,0.546071191201116
2.5E-7,1.0E-7,4.0E-7,-0.00400168036452675,0.5460711912010819
2.5E-7,1.25E-7,1.0E-7,0.1301469471725917,0.5868494165860678
2.5E-7,1.25E-7,1.5E-7,0.06103138000469597,0.5868494165861152
2.5E-7,1.25E-7,2.0E-7,0.02995496520160069,0.586849416586061
2.5E-7,1.25E-7,2.5E-7,0.01376601700735952,0.5868494165860534
2.5E-7,1.25E-7,3.0E-7,0.004340108871954487,0.5868494165860906
2.5E-7,1.25E-7,3.5E-7,-0.0016155453845786677,0.5868494165860739
2.5E-7,1.25E-7,4.0E-7,-0.005616886084416994,0.5868494165860489
2.5E-7,1.5E-7,1.0E-7,0.18284218888929857,0.6187628029438922
2.5E-7,1.5E-7,1.5E-7,0.09186277892804326,0.6187628029439318
2.5E-7,1.5E-7,2.0E-7,0.04729566615956315,0.6187628029439239
2.5E-7,1.5E-7,2.5E-7,0.023083577961175574,0.6187628029439339
2.5E-7,1.5E-7,3.0E-7,0.008657624862965837,0.6187628029438773
2.5E-7,1.5E-7,3.5E-7,-5.847172975234176E-4,0.6187628029439614
2.5E-7,1.5E-7,4.0E-7,-0.00685029730550175,0.6187628029439171
2.5E-7,1.75E-7,1.0E-7,0.2351715181456246,0.644610009515471
2.5E-7,1.75E-7,1.5E-7,0.1262250092687745,0.6446100095153849
2.5E-7,1.75E-7,2.0E-7,0.06805410836662822,0.6446100095154318
2.5E-7,1.75E-7,2.5E-7,0.03497809681854048,0.6446100095154345
2.5E-7,1.75E-7,3.0E-7,0.014751416999764374,0.6446100095155313
2.5E-7,1.75E-7,3.5E-7,0.0015832465136191652,0.6446100095155037
2.5E-7,1.75E-7,4.0E-7,-0.007438161289526474,0.6446100095154729
2.5E-7,2.0E-7,1.0E-7,0.28459575872742976,0.6660866877944397
2.5E-7,2.0E-7,1.5E-7,0.1623732630133679,0.6660866877944486
2.5E-7,2.0E-7,2.0E-7,0.09147952209852125,0.6660866877944884
2.5E-7,2.0E-7,2.5E-7,0.04921954044919528,0.6660866877943749
2.5E-7,2.0E-7,3.0E-7,0.022639834624405383,0.6660866877944822
2.5E-7,2.0E-7,3.5E-7,0.005025706699422965,0.666086687794399
2.5E-7,2.0E-7,4.0E-7,-0.007185214469432175,0.6660866877944358
2.5E-7,2.25E-7,1.0E-7,0.3298609100125176,0.6842894560605071
2.5E-7,2.25E-7,1.5E-7,0.1988530727657021,0.6842894560604906
2.5E-7,2.25E-7,2.0E-7,0.11677003357281189,0.6842894560604963
2.5E-7,2.25E-7,2.5E-7,0.06546967890032639,0.6842894560604873
2.5E-7,2.25E-7,3.0E-7,0.03224203861457178,0.6842894560605488
2.5E-7,2.25E-7,3.5E-7,0.009799153767465275,0.6842894560605163
2.5E-7,2.25E-7,4.0E-7,-0.005961321397339029,0.6842894560605939
2.5E-7,2.5E-7,1.0E-7,0.37059045137640423,0.6999629108407971
2.5E-7,2.5E-7,1.5E-7,0.23459166783277022,0.6999629108408473
2.5E-7,2.5E-7,2.0E-7,0.14317364767306795,0.6999629108408101
2.5E-7,2.5E-7,2.5E-7,0.0833391189281313,0.6999629108408438
2.5E-7,2.5E-7,3.0E-7,0.043407146784542106,0.699962910840878
2.5E-7,2.5E-7,3.5E-7,0.015893616373634054,0.6999629108408381
2.5E-7,2.5E-7,4.0E-7,-0.003694872887940349,0.6999629108408248
2.5E-7,2.75E-7,1.0E-7,0.406899030302419,0.7136337688633255
2.5E-7,2.75E-7,1.5E-7,0.26887017579060807,0.7136337688633155
2.5E-7,2.75E-7,2.0E-7,0.17003743961990667,0.7136337688633444
2.5E-7,2.75E-7,2.5E-7,0.10242679199115332,0.7136337688632662
2.5E-7,2.75E-7,3.0E-7,0.05593875181566982,0.7136337688633736
2.5E-7,2.75E-7,3.5E-7,0.023247749892829662,0.7136337688633165
2.5E-7,2.75E-7,4.0E-7,-3.6290545140082043E-4,0.7136337688633693
2.5E-7,3.0E-7,1.0E-7,0.439141801138049,0.7256867309096044
2.5E-7,3.0E-7,1.5E-7,0.30126220189693037,0.7256867309096423
2.5E-7,3.0E-7,2.0E-7,0.19683172417311287,0.7256867309095829
2.5E-7,3.0E-7,2.5E-7,0.12235084042644744,0.7256867309096461
2.5E-7,3.0E-7,3.0E-7,0.06961720159717415,0.7256867309095916
2.5E-7,3.0E-7,3.5E-7,0.031763404725037164,0.7256867309095769
2.5E-7,3.0E-7,4.0E-7,0.004018444282849383,0.7256867309095397
2.5E-7,3.2499999999999996E-7,1.0E-7,0.46776217910460133,0.7364099742452852
2.5E-7,3.2499999999999996E-7,1.5E-7,0.33155870983528307,0.736409974245255
2.5E-7,3.2499999999999996E-7,2.0E-7,0.2231502638692228,0.7364099742452234
2.5E-7,3.2499999999999996E-7,2.5E-7,0.14276692845173056,0.7364099742452712
2.5E-7,3.2499999999999996E-7,3.0E-7,0.08421658810703521,0.7364099742452493
2.5E-7,3.2499999999999996E-7,3.5E-7,0.04131827643656956,0.73640997424524
2.5E-7,3.2499999999999996E-7,4.0E-7,0.009403071220343572,0.7364099742452678
2.5E-7,3.5E-7,1.0E-7,0.49321083045965103,0.746024923154754
2.5E-7,3.5E-7,1.5E-7,0.359701467615047,0.7460249231547332
2.5E-7,3.5E-7,2.0E-7,0.2486988526233394,0.7460249231548758
2.5E-7,3.5E-7,2.5E-7,0.16337810814383016,0.7460249231547635
2.5E-7,3.5E-7,3.0E-7,0.09951758227835918,0.7460249231547275
2.5E-7,3.5E-7,3.5E-7,0.051776691573058746,0.7460249231547645
2.5E-7,3.5E-7,4.0E-7,0.01572317098983405,0.7460249231547853
2.5E-7,3.75E-7,1.0E-7,0.5159096944768791,0.7547042484817993
2.5E-7,3.75E-7,1.5E-7,0.3857323478545737,0.7547042484817005
2.5E-7,3.75E-7,2.0E-7,0.2732796697632373,0.7547042484817197
2.5E-7,3.75E-7,2.5E-7,0.18393896027786572,0.7547042484817612
2.5E-7,3.75E-7,3.0E-7,0.1153167346631338,0.754704248481777
2.5E-7,3.75E-7,3.5E-7,0.06299844112015436,0.7547042484816714
2.5E-7,3.75E-7,4.0E-7,0.022896302404851604,0.7547042484816853
2.5E-7,4.0E-7,1.0E-7,0.5362336236886717,0.762585216522262
2.5E-7,4.0E-7,1.5E-7,0.4097517018667783,0.762585216522298
2.5E-7,4.0E-7,2.0E-7,0.2967706795069825,0.7625852165222377
2.5E-7,4.0E-7,2.5E-7,0.20425284353994763,0.7625852165222566
2.5E-7,4.0E-7,3.0E-7,0.1314310493854245,0.7625852165222062
2.5E-7,4.0E-7,3.5E-7,0.07484509689267699,0.7625852165222886
2.5E-7,4.0E-7,4.0E-7,0.030831463388580144,0.7625852165221874
2.5E-7,4.2499999999999995E-7,1.0E-7,0.5545041117631696,0.7697788381790543
2.5E-7,4.2499999999999995E-7,1.5E-7,0.43188781479888794,0.7697788381790293
2.5E-7,4.2499999999999995E-7,2.0E-7,0.31910508740473925,0.7697788381791147
2.5E-7,4.2499999999999995E-7,2.5E-7,0.2241652979612972,0.7697788381790156
2.5E-7,4.2499999999999995E-7,3.0E-7,0.1476990032905918,0.7697788381790824
2.5E-7,4.2499999999999995E-7,3.5E-7,0.08718396960252446,0.7697788381790973
2.5E-7,4.2499999999999995E-7,4.0E-7,0.03943385684764435,0.769778838179085
2.5E-7,4.5E-7,1.0E-7,0.5709986799053723,0.7763755763827651
2.5E-7,4.5E-7,1.5E-7,0.45228540464700145,0.776375576382739
2.5E-7,4.5E-7,2.0E-7,0.34026157502917376,0.7763755763827217
2.5E-7,4.5E-7,2.5E-7,0.2435621822871904,0.7763755763826437
2.5E-7,4.5E-7,3.0E-7,0.16398332722947773,0.7763755763827734
2.5E-7,4.5E-7,3.5E-7,0.09989215036351515,0.776375576382719
2.5E-7,4.5E-7,4.0E-7,0.04860849510637788,0.7763755763826552
2.5E-7,4.75E-7,1.0E-7,0.585955156199862,0.7824498194757917
2.5E-7,4.75E-7,1.5E-7,0.47109336899896626,0.7824498194758288
2.5E-7,4.75E-7,2.0E-7,0.3602513950513891,0.7824498194758757
2.5E-7,4.75E-7,2.5E-7,0.26236335927895355,0.7824498194758529
2.5E-7,4.75E-7,3.0E-7,0.18017013655508196,0.7824498194758427
2.5E-7,4.75E-7,3.5E-7,0.11285845361432023,0.7824498194758138
2.5E-7,4.75E-7,4.0E-7,0.05826319340117108,0.7824498194758364
2.5E-7,5.0E-7,1.0E-7,0.5995715832351617,0.788064076589016
2.5E-7,5.0E-7,1.5E-7,0.48845244513283703,0.788064076589066
2.5E-7,5.0E-7,2.0E-7,0.37910405954999526,0.7880640765889997
2.5E-7,5.0E-7,2.5E-7,0.28051336541091026,0.7880640765889877
2.5E-7,5.0E-7,3.0E-7,0.19616495681486168,0.7880640765890414
2.5E-7,5.0E-7,3.5E-7,0.12598305715995822,0.7880640765890476
2.5E-7,5.0E-7,4.0E-7,0.06831028531599664,0.7880640765890284
3.0E-7,1.0E-7,1.0E-7,0.0796115228297741,0.5360229704667964
3.0E-7,1.0E-7,1.5E-7,0.03537333281756187,0.5360229704668255
3.0E-7,1.0E-7,2.0E-7,0.017060681028578,0.5360229704667749
3.0E-7,1.0E-7,2.5E-7,0.007875706432848156,0.5360229704668397
3.0E-7,1.0E-7,3.0E-7,0.0026345214105135697,0.5360229704668228
3.0E-7,1.0E-7,3.5E-7,-6.379015687822136E-4,0.5360229704668273
3.0E-7,1.0E-7,4.0E-7,-0.002819937187704332,0.5360229704668209
3.0E-7,1.25E-7,1.0E-7,0.12769966706796868,0.5766210118672348
3.0E-7,1.25E-7,1.5E-7,0.0606206314375149,0.5766210118672469
3.0E-7,1.25E-7,2.0E-7,0.03056335848578418,0.5766210118672577
3.0E-7,1.25E-7,2.5E-7,0.014934998813403256,0.5766210118672328
3.0E-7,1.25E-7,3.0E-7,0.005845399018073446,0.5766210118672186
3.0E-7,1.25E-7,3.5E-7,1.058725391791726E-4,0.5766210118671876
3.0E-7,1.25E-7,4.0E-7,-0.0037488692714013243,0.5766210118672292
3.0E-7,1.5E-7,1.0E-7,0.1795113533628099,0.6084613876252083
3.0E-7,1.5E-7,1.5E-7,0.09113268174780867,0.608461387625193
3.0E-7,1.5E-7,2.0E-7,0.04801085284440387,0.6084613876251963
3.0E-7,1.5E-7,2.5E-7,0.02463580668504693,0.6084613876251722
3.0E-7,1.5E-7,3.0E-7,0.010726499046712948,0.608461387625117
3.0E-7,1.5E-7,3.5E-7,0.0018219615805637715,0.6084613876251537
3.0E-7,1.5E-7,4.0E-7,-0.004211889446189901,0.6084613876251797
3.0E-7,1.75E-7,1.0E-7,0.23103589727227644,0.6342993150320618
3.0E-7,1.75E-7,1.5E-7,0.12511768160134773,0.6342993150321128
3.0E-7,1.75E-7,2.0E-7,0.06881411954487343,0.6342993150320355
3.0E-7,1.75E-7,2.5E-7,0.036881160935997706,0.634299315032139
3.0E-7,1.75E-7,3.0E-7,0.017382812034181034,0.6342993150320831
3.0E-7,1.75E-7,3.5E-7,0.004700357396057708,0.6342993150321424
3.0E-7,1.75E-7,4.0E-7,-0.003983470925761363,0.6342993150321509
3.0E-7,2.0E-7,1.0E-7,0.2797683808600148,0.6558051944376387
3.0E-7,2.0E-7,1.5E-7,0.16085995670144168,0.6558051944376196
3.0E-7,2.0E-7,2.0E-7,0.09222103684936839,0.6558051944375841
3.0E-7,2.0E-7,2.5E-7,0.051421753716653196,0.655805194437602
3.0E-7,2.0E-7,3.0E-7,0.025804961784352296,0.6558051944375758
3.0E-7,2.0E-7,3.5E-7,0.008847046000335446,0.655805194437687
3.0E-7,2.0E-7,4.0E-7,-0.002901109703684028,0.6558051944375823
3.0E-7,2.25E-7,1.0E-7,0.3244586076223144,0.6740614542350468
3.0E-7,2.25E-7,1.5E-7,0.19692887837095258,0.6740614542350417
3.0E-7,2.25E-7,2.0E-7,0.11743541883725285,0.6740614542350402
3.0E-7,2.25E-7,2.5E-7,0.06790909570699485,0.6740614542350419
3.0E-7,2.25E-7,3.0E-7,0.0358926821906222,0.6740614542350873
3.0E-7,2.25E-7,3.5E-7,0.014294403708804434,0.6740614542349715
3.0E-7,2.25E-7,4.0E-7,-8.610172928459641E-4,0.6740614542350293
3.0E-7,2.5E-7,1.0E-7,0.3647191472322,0.6898039897349468
3.0E-7,2.5E-7,1.5E-7,0.2322686857753917,0.689803989734946
3.0E-7,2.5E-7,2.0E-7,0.1437148699581215,0.6898039897349477
3.0E-7,2.5E-7,2.5E-7,0.0859508327488458,0.6898039897349098
3.0E-7,2.5E-7,3.0E-7,0.04748321880629063,0.6898039897349605
3.0E-7,2.5E-7,3.5E-7,0.021015330561662902,0.6898039897349225
3.0E-7,2.5E-7,4.0E-7,0.0021884066566018826,0.6898039897349026
3.0E-7,2.75E-7,1.0E-7,0.4006497738177822,0.7035539142815466
3.0E-7,2.75E-7,1.5E-7,0.26617197552880756,0.7035539142815185
3.0E-7,2.75E-7,2.0E-7,0.17041793898302504,0.7035539142814863
3.0E-7,2.75E-7,2.5E-7,0.10514840196255054,0.7035539142815038
3.0E-7,2.75E-7,3.0E-7,0.06037455037091081,0.7035539142815214
3.0E-7,2.75E-7,3.5E-7,0.0289373579608196,0.7035539142814936
3.0E-7,2.75E-7,4.0E-7,0.006255612525621877,0.7035539142814282
3.0E-7,3.0E-7,1.0E-7,0.4325891038543113,0.7156923496998406
3.0E-7,3.0E-7,1.5E-7,0.29821749325724956,0.7156923496998628
3.0E-7,3.0E-7,2.0E-7,0.19702510869323553,0.7156923496998187
3.0E-7,3.0E-7,2.5E-7,0.12512508037413697,0.715692349699805
3.0E-7,3.0E-7,3.0E-7,0.07434569994470751,0.715692349699911
3.0E-7,3.0E-7,3.5E-7,0.0379559396756565,0.7156923496998673
3.0E-7,3.0E-7,4.0E-7,0.011314628897973345,0.715692349699824
3.0E-7,3.2499999999999996E-7,1.0E-7,0.46096606481133906,0.7265050300317499
3.0E-7,3.2499999999999996E-7,1.5E-7,0.3281979608796317,0.7265050300316866
3.0E-7,3.2499999999999996E-7,2.0E-7,0.2231390944946881,0.7265050300316984
3.0E-7,3.2499999999999996E-7,2.5E-7,0.14554339966009494,0.7265050300317085
3.0E-7,3.2499999999999996E-7,3.0E-7,0.08917273925910692,0.7265050300317628
3.0E-7,3.2499999999999996E-7,3.5E-7,0.047946221744508216,0.7265050300317499
3.0E-7,3.2499999999999996E-7,4.0E-7,0.017313407946388113,0.7265050300317304
3.0E-7,3.5E-7,1.0E-7,0.4862196572729658,0.7362116812295844
3.0E-7,3.5E-7,1.5E-7,0.3560549301923657,0.7362116812295331
3.0E-7,3.5E-7,2.0E-7,0.2484731436164496,0.7362116812295755
3.0E-7,3.5E-7,2.5E-7,0.1661139303822987,0.7362116812294951
3.0E-7,3.5E-7,3.0E-7,0.10464048030284383,0.7362116812296056
3.0E-7,3.5E-7,3.5E-7,0.058772841312034044,0.7362116812295257
3.0E-7,3.5E-7,4.0E-7,0.024181269387321066,0.7362116812295432
3.0E-7,3.75E-7,1.0E-7,0.5087621902430427,0.7449837070229705
3.0E-7,3.75E-7,1.5E-7,0.3818286452452596,0.7449837070229405
3.0E-7,3.75E-7,2.0E-7,0.27283521251777626,0.7449837070229509
3.0E-7,3.75E-7,2.5E-7,0.18659864811647983,0.7449837070229737
3.0E-7,3.75E-7,3.0E-7,0.12055090478425817,0.7449837070228904
3.0E-7,3.75E-7,3.5E-7,0.07029801414613561,0.7449837070229246
3.0E-7,3.75E-7,4.0E-7,0.03183538248544841,0.7449837070228851
3.0E-7,4.0E-7,1.0E-7,0.5289613726552166,0.7529574839410915
3.0E-7,4.0E-7,1.5E-7,0.40561772385386585,0.7529574839410641
3.0E-7,4.0E-7,2.0E-7,0.2961081064255496,0.7529574839410808
3.0E-7,4.0E-7,2.5E-7,0.2068082211634514,0.752957483941115
3.0E-7,4.0E-7,3.0E-7,0.13672743098132764,0.7529574839410723
3.0E-7,4.0E-7,3.5E-7,0.08238743176764654,0.7529574839410726
3.0E-7,4.0E-7,4.0E-7,0.04018639818381935,0.7529574839409879
3.0E-7,4.2499999999999995E-7,1.0E-7,0.5471325799457637,0.7602434075353223
3.0E-7,4.2499999999999995E-7,1.5E-7,0.4275478218957808,0.7602434075353387
3.0E-7,4.2499999999999995E-7,2.0E-7,0.3182279943978726,0.7602434075353726
3.0E-7,4.2499999999999995E-7,2.5E-7,0.2265941029826734,0.7602434075353429
3.0E-7,4.2499999999999995E-7,3.0E-7,0.15301448706709217,0.7602434075352917
3.0E-7,4.2499999999999995E-7,3.5E-7,0.09491284408646707,0.760243407535345
3.0E-7,4.2499999999999995E-7,4.0E-7,0.04914199812655973,0.7602434075354
3.0E-7,4.5E-7,1.0E-7,0.5635485858005864,0.7669314841753949
3.0E-7,4.5E-7,1.5E-7,0.44776120405964503,0.7669314841753175
3.0E-7,4.5E-7,2.0E-7,0.3391757774930751,0.7669314841753416
3.0E-7,4.5E-7,2.5E-7,0.245847476906484,0.766931484175372
3.0E-7,4.5E-7,3.0E-7,0.16928082007528486,0.7669314841753566
3.0E-7,4.5E-7,3.5E-7,0.10775648219518112,0.7669314841753154
3.0E-7,4.5E-7,4.0E-7,0.05861081965245605,0.7669314841753017
3.0E-7,4.75E-7,1.0E-7,0.5784433977700961,0.7730957745136108
3.0E-7,4.75E-7,1.5E-7,0.46640441385054643,0.7730957745136572
3.0E-7,4.75E-7,2.0E-7,0.35896419876917296,0.7730957745136157
3.0E-7,4.75E-7,2.5E-7,0.2644927670013741,0.7730957745136956
3.0E-7,4.75E-7,3.0E-7,0.18541825931654154,0.7730957745135738
3.0E-7,4.75E-7,3.5E-7,0.12081253366984206,0.7730957745136116
3.0E-7,4.75E-7,4.0E-7,0.06850495383278517,0.7730957745136651
3.0E-7,5.0E-7,1.0E-7,0.5920121163664958,0.7787985278669454
3.0E-7,5.0E-7,1.5E-7,0.4836161227240171,0.7787985278669259
3.0E-7,5.0E-7,2.0E-7,0.3776237241366771,0.778798527866947
3.0E-7,5.0E-7,2.5E-7,0.28247824087246015,0.7787985278669595
3.0E-7,5.0E-7,3.0E-7,0.20133739256686803,0.7787985278669187
3.0E-7,5.0E-7,3.5E-7,0.13398624305185938,0.7787985278668696
3.0E-7,5.0E-7,4.0E-7,0.07874102452328462,0.7787985278668703
